{"model_name": "LR Best", "model_uid": "93e191f729ca47429732accc20b8e637", "training_time": "18:56:43", "training_date": "2024-06-20", "classification_report": {"0": {"precision": 0.9375, "recall": 0.9375, "f1-score": 0.9375, "support": 16}, "1": {"precision": 1.0, "recall": 0.8888888888888888, "f1-score": 0.9411764705882353, "support": 9}, "2": {"precision": 1.0, "recall": 1.0, "f1-score": 1.0, "support": 16}, "3": {"precision": 0.8333333333333334, "recall": 1.0, "f1-score": 0.9090909090909091, "support": 5}, "4": {"precision": 1.0, "recall": 0.9444444444444444, "f1-score": 0.9714285714285714, "support": 18}, "5": {"precision": 1.0, "recall": 1.0, "f1-score": 1.0, "support": 7}, "6": {"precision": 0.9210526315789473, "recall": 1.0, "f1-score": 0.958904109589041, "support": 35}, "7": {"precision": 1.0, "recall": 0.9642857142857143, "f1-score": 0.9818181818181818, "support": 28}, "8": {"precision": 1.0, "recall": 1.0, "f1-score": 1.0, "support": 5}, "9": {"precision": 0.875, "recall": 0.875, "f1-score": 0.875, "support": 8}, "10": {"precision": 1.0, "recall": 1.0, "f1-score": 1.0, "support": 7}, "11": {"precision": 0.7307692307692307, "recall": 0.7037037037037037, "f1-score": 0.7169811320754716, "support": 27}, "12": {"precision": 0.9411764705882353, "recall": 0.9696969696969697, "f1-score": 0.955223880597015, "support": 33}, "13": {"precision": 1.0, "recall": 1.0, "f1-score": 1.0, "support": 12}, "14": {"precision": 0.9375, "recall": 0.9375, "f1-score": 0.9375, "support": 32}, "15": {"precision": 0.9807692307692307, "recall": 0.9272727272727272, "f1-score": 0.9532710280373831, "support": 55}, "16": {"precision": 0.8571428571428571, "recall": 0.8571428571428571, "f1-score": 0.8571428571428571, "support": 7}, "17": {"precision": 0.9375, "recall": 0.9090909090909091, "f1-score": 0.923076923076923, "support": 33}, "18": {"precision": 0.7741935483870968, "recall": 0.96, "f1-score": 0.8571428571428571, "support": 25}, "19": {"precision": 0.9473684210526315, "recall": 0.9, "f1-score": 0.9230769230769231, "support": 20}, "20": {"precision": 1.0, "recall": 1.0, "f1-score": 1.0, "support": 10}, "21": {"precision": 1.0, "recall": 1.0, "f1-score": 1.0, "support": 2}, "22": {"precision": 1.0, "recall": 1.0, "f1-score": 1.0, "support": 2}, "23": {"precision": 1.0, "recall": 1.0, "f1-score": 1.0, "support": 8}, "24": {"precision": 0.8125, "recall": 0.9285714285714286, "f1-score": 0.8666666666666666, "support": 14}, "25": {"precision": 1.0, "recall": 1.0, "f1-score": 1.0, "support": 11}, "26": {"precision": 0.8571428571428571, "recall": 0.8571428571428571, "f1-score": 0.8571428571428571, "support": 14}, "27": {"precision": 0.8333333333333334, "recall": 1.0, "f1-score": 0.9090909090909091, "support": 5}, "28": {"precision": 0.9411764705882353, "recall": 0.8888888888888888, "f1-score": 0.9142857142857143, "support": 18}, "29": {"precision": 0.88, "recall": 0.8461538461538461, "f1-score": 0.8627450980392156, "support": 26}, "30": {"precision": 1.0, "recall": 1.0, "f1-score": 1.0, "support": 2}, "31": {"precision": 1.0, "recall": 1.0, "f1-score": 1.0, "support": 2}, "32": {"precision": 1.0, "recall": 1.0, "f1-score": 1.0, "support": 5}, "33": {"precision": 0.75, "recall": 1.0, "f1-score": 0.8571428571428571, "support": 9}, "34": {"precision": 0.9787234042553191, "recall": 0.9583333333333334, "f1-score": 0.968421052631579, "support": 48}, "35": {"precision": 1.0, "recall": 0.8, "f1-score": 0.888888888888889, "support": 5}, "36": {"precision": 1.0, "recall": 1.0, "f1-score": 1.0, "support": 4}, "37": {"precision": 0.9375, "recall": 0.9375, "f1-score": 0.9375, "support": 16}, "38": {"precision": 1.0, "recall": 0.8, "f1-score": 0.888888888888889, "support": 5}, "39": {"precision": 1.0, "recall": 0.6666666666666666, "f1-score": 0.8, "support": 6}, "40": {"precision": 0.75, "recall": 0.75, "f1-score": 0.75, "support": 4}, "41": {"precision": 0.5, "recall": 0.3333333333333333, "f1-score": 0.4, "support": 6}, "42": {"precision": 0.9047619047619048, "recall": 0.9047619047619048, "f1-score": 0.9047619047619048, "support": 21}, "43": {"precision": 1.0, "recall": 0.8, "f1-score": 0.888888888888889, "support": 5}, "44": {"precision": 0.8333333333333334, "recall": 0.9090909090909091, "f1-score": 0.8695652173913043, "support": 11}, "45": {"precision": 1.0, "recall": 0.4, "f1-score": 0.5714285714285715, "support": 5}, "46": {"precision": 0.7272727272727273, "recall": 0.7272727272727273, "f1-score": 0.7272727272727273, "support": 11}, "47": {"precision": 0.9615384615384616, "recall": 0.9615384615384616, "f1-score": 0.9615384615384616, "support": 26}, "48": {"precision": 1.0, "recall": 0.6666666666666666, "f1-score": 0.8, "support": 3}, "49": {"precision": 1.0, "recall": 1.0, "f1-score": 1.0, "support": 5}, "50": {"precision": 0.85, "recall": 0.85, "f1-score": 0.85, "support": 20}, "51": {"precision": 0.9285714285714286, "recall": 0.8666666666666667, "f1-score": 0.896551724137931, "support": 15}, "52": {"precision": 0.8333333333333334, "recall": 0.625, "f1-score": 0.7142857142857143, "support": 8}, "53": {"precision": 1.0, "recall": 1.0, "f1-score": 1.0, "support": 1}, "54": {"precision": 0.9555555555555556, "recall": 1.0, "f1-score": 0.9772727272727273, "support": 43}, "55": {"precision": 0.8666666666666667, "recall": 0.9285714285714286, "f1-score": 0.896551724137931, "support": 14}, "56": {"precision": 0.9565217391304348, "recall": 0.9565217391304348, "f1-score": 0.9565217391304348, "support": 23}, "57": {"precision": 1.0, "recall": 0.9, "f1-score": 0.9473684210526316, "support": 10}, "58": {"precision": 1.0, "recall": 1.0, "f1-score": 1.0, "support": 20}, "59": {"precision": 0.75, "recall": 0.6, "f1-score": 0.6666666666666665, "support": 5}, "60": {"precision": 1.0, "recall": 1.0, "f1-score": 1.0, "support": 4}, "61": {"precision": 0.8, "recall": 0.8, "f1-score": 0.8000000000000002, "support": 5}, "62": {"precision": 0.95, "recall": 1.0, "f1-score": 0.9743589743589743, "support": 19}, "63": {"precision": 0.9047619047619048, "recall": 0.95, "f1-score": 0.9268292682926829, "support": 60}, "64": {"precision": 1.0, "recall": 0.7142857142857143, "f1-score": 0.8333333333333333, "support": 7}, "65": {"precision": 0.88, "recall": 0.9565217391304348, "f1-score": 0.9166666666666666, "support": 23}, "66": {"precision": 0.9375, "recall": 0.9090909090909091, "f1-score": 0.923076923076923, "support": 33}, "67": {"precision": 1.0, "recall": 1.0, "f1-score": 1.0, "support": 3}, "68": {"precision": 0.9038461538461539, "recall": 1.0, "f1-score": 0.9494949494949495, "support": 47}, "69": {"precision": 1.0, "recall": 1.0, "f1-score": 1.0, "support": 4}, "70": {"precision": 0.8421052631578947, "recall": 1.0, "f1-score": 0.9142857142857143, "support": 16}, "71": {"precision": 1.0, "recall": 0.9, "f1-score": 0.9473684210526316, "support": 10}, "72": {"precision": 0.5, "recall": 1.0, "f1-score": 0.6666666666666666, "support": 1}, "73": {"precision": 1.0, "recall": 0.75, "f1-score": 0.8571428571428571, "support": 8}, "74": {"precision": 0.8, "recall": 0.6666666666666666, "f1-score": 0.7272727272727272, "support": 12}, "75": {"precision": 0.6666666666666666, "recall": 1.0, "f1-score": 0.8, "support": 2}, "76": {"precision": 0.95, "recall": 0.9047619047619048, "f1-score": 0.9268292682926829, "support": 21}, "accuracy": 0.9193689745836985, "macro avg": {"precision": 0.9170924276303607, "recall": 0.8985523896915767, "f1-score": 0.9011832082382423, "support": 1141}, "weighted avg": {"precision": 0.9220436555136976, "recall": 0.9193689745836985, "f1-score": 0.917989539035769, "support": 1141}}}