{"model_name": "LR Best", "model_uid": "39703106f6ef4725976f14d74780d694", "training_time": "12:54:00", "training_date": "2024-06-20", "classification_report": {"0": {"precision": 0.9375, "recall": 0.9375, "f1-score": 0.9375, "support": 16.0}, "1": {"precision": 1.0, "recall": 0.8888888888888888, "f1-score": 0.9411764705882353, "support": 9.0}, "2": {"precision": 1.0, "recall": 1.0, "f1-score": 1.0, "support": 16.0}, "3": {"precision": 0.8333333333333334, "recall": 1.0, "f1-score": 0.9090909090909091, "support": 5.0}, "4": {"precision": 1.0, "recall": 0.9444444444444444, "f1-score": 0.9714285714285714, "support": 18.0}, "5": {"precision": 1.0, "recall": 1.0, "f1-score": 1.0, "support": 7.0}, "6": {"precision": 0.9210526315789473, "recall": 1.0, "f1-score": 0.958904109589041, "support": 35.0}, "7": {"precision": 1.0, "recall": 0.9642857142857143, "f1-score": 0.9818181818181818, "support": 28.0}, "8": {"precision": 1.0, "recall": 1.0, "f1-score": 1.0, "support": 5.0}, "9": {"precision": 0.875, "recall": 0.875, "f1-score": 0.875, "support": 8.0}, "10": {"precision": 1.0, "recall": 1.0, "f1-score": 1.0, "support": 7.0}, "11": {"precision": 0.7307692307692307, "recall": 0.7037037037037037, "f1-score": 0.7169811320754716, "support": 27.0}, "12": {"precision": 0.9411764705882353, "recall": 0.9696969696969697, "f1-score": 0.9552238805970149, "support": 33.0}, "13": {"precision": 1.0, "recall": 1.0, "f1-score": 1.0, "support": 12.0}, "14": {"precision": 0.9375, "recall": 0.9375, "f1-score": 0.9375, "support": 32.0}, "15": {"precision": 0.9807692307692307, "recall": 0.9272727272727272, "f1-score": 0.9532710280373832, "support": 55.0}, "16": {"precision": 0.8571428571428571, "recall": 0.8571428571428571, "f1-score": 0.8571428571428571, "support": 7.0}, "17": {"precision": 0.9375, "recall": 0.9090909090909091, "f1-score": 0.9230769230769231, "support": 33.0}, "18": {"precision": 0.7741935483870968, "recall": 0.96, "f1-score": 0.8571428571428571, "support": 25.0}, "19": {"precision": 0.9473684210526315, "recall": 0.9, "f1-score": 0.9230769230769231, "support": 20.0}, "20": {"precision": 1.0, "recall": 1.0, "f1-score": 1.0, "support": 10.0}, "21": {"precision": 1.0, "recall": 1.0, "f1-score": 1.0, "support": 2.0}, "22": {"precision": 1.0, "recall": 1.0, "f1-score": 1.0, "support": 2.0}, "23": {"precision": 1.0, "recall": 1.0, "f1-score": 1.0, "support": 8.0}, "24": {"precision": 0.8125, "recall": 0.9285714285714286, "f1-score": 0.8666666666666667, "support": 14.0}, "25": {"precision": 1.0, "recall": 1.0, "f1-score": 1.0, "support": 11.0}, "26": {"precision": 0.8571428571428571, "recall": 0.8571428571428571, "f1-score": 0.8571428571428571, "support": 14.0}, "27": {"precision": 0.8333333333333334, "recall": 1.0, "f1-score": 0.9090909090909091, "support": 5.0}, "28": {"precision": 0.9411764705882353, "recall": 0.8888888888888888, "f1-score": 0.9142857142857143, "support": 18.0}, "29": {"precision": 0.88, "recall": 0.8461538461538461, "f1-score": 0.8627450980392157, "support": 26.0}, "30": {"precision": 1.0, "recall": 1.0, "f1-score": 1.0, "support": 2.0}, "31": {"precision": 1.0, "recall": 1.0, "f1-score": 1.0, "support": 2.0}, "32": {"precision": 1.0, "recall": 1.0, "f1-score": 1.0, "support": 5.0}, "33": {"precision": 0.75, "recall": 1.0, "f1-score": 0.8571428571428571, "support": 9.0}, "34": {"precision": 0.9787234042553191, "recall": 0.9583333333333334, "f1-score": 0.968421052631579, "support": 48.0}, "35": {"precision": 1.0, "recall": 0.8, "f1-score": 0.8888888888888888, "support": 5.0}, "36": {"precision": 1.0, "recall": 1.0, "f1-score": 1.0, "support": 4.0}, "37": {"precision": 0.9375, "recall": 0.9375, "f1-score": 0.9375, "support": 16.0}, "38": {"precision": 1.0, "recall": 0.8, "f1-score": 0.8888888888888888, "support": 5.0}, "39": {"precision": 1.0, "recall": 0.6666666666666666, "f1-score": 0.8, "support": 6.0}, "40": {"precision": 0.75, "recall": 0.75, "f1-score": 0.75, "support": 4.0}, "41": {"precision": 0.5, "recall": 0.3333333333333333, "f1-score": 0.4, "support": 6.0}, "42": {"precision": 0.9047619047619048, "recall": 0.9047619047619048, "f1-score": 0.9047619047619048, "support": 21.0}, "43": {"precision": 1.0, "recall": 0.8, "f1-score": 0.8888888888888888, "support": 5.0}, "44": {"precision": 0.8333333333333334, "recall": 0.9090909090909091, "f1-score": 0.8695652173913043, "support": 11.0}, "45": {"precision": 1.0, "recall": 0.4, "f1-score": 0.5714285714285714, "support": 5.0}, "46": {"precision": 0.7272727272727273, "recall": 0.7272727272727273, "f1-score": 0.7272727272727273, "support": 11.0}, "47": {"precision": 0.9615384615384616, "recall": 0.9615384615384616, "f1-score": 0.9615384615384616, "support": 26.0}, "48": {"precision": 1.0, "recall": 0.6666666666666666, "f1-score": 0.8, "support": 3.0}, "49": {"precision": 1.0, "recall": 1.0, "f1-score": 1.0, "support": 5.0}, "50": {"precision": 0.85, "recall": 0.85, "f1-score": 0.85, "support": 20.0}, "51": {"precision": 0.9285714285714286, "recall": 0.8666666666666667, "f1-score": 0.896551724137931, "support": 15.0}, "52": {"precision": 0.8333333333333334, "recall": 0.625, "f1-score": 0.7142857142857143, "support": 8.0}, "53": {"precision": 1.0, "recall": 1.0, "f1-score": 1.0, "support": 1.0}, "54": {"precision": 0.9555555555555556, "recall": 1.0, "f1-score": 0.9772727272727273, "support": 43.0}, "55": {"precision": 0.8666666666666667, "recall": 0.9285714285714286, "f1-score": 0.896551724137931, "support": 14.0}, "56": {"precision": 0.9565217391304348, "recall": 0.9565217391304348, "f1-score": 0.9565217391304348, "support": 23.0}, "57": {"precision": 1.0, "recall": 0.9, "f1-score": 0.9473684210526315, "support": 10.0}, "58": {"precision": 1.0, "recall": 1.0, "f1-score": 1.0, "support": 20.0}, "59": {"precision": 0.75, "recall": 0.6, "f1-score": 0.6666666666666666, "support": 5.0}, "60": {"precision": 1.0, "recall": 1.0, "f1-score": 1.0, "support": 4.0}, "61": {"precision": 0.8, "recall": 0.8, "f1-score": 0.8, "support": 5.0}, "62": {"precision": 0.95, "recall": 1.0, "f1-score": 0.9743589743589743, "support": 19.0}, "63": {"precision": 0.9047619047619048, "recall": 0.95, "f1-score": 0.926829268292683, "support": 60.0}, "64": {"precision": 1.0, "recall": 0.7142857142857143, "f1-score": 0.8333333333333334, "support": 7.0}, "65": {"precision": 0.88, "recall": 0.9565217391304348, "f1-score": 0.9166666666666666, "support": 23.0}, "66": {"precision": 0.9375, "recall": 0.9090909090909091, "f1-score": 0.9230769230769231, "support": 33.0}, "67": {"precision": 1.0, "recall": 1.0, "f1-score": 1.0, "support": 3.0}, "68": {"precision": 0.9038461538461539, "recall": 1.0, "f1-score": 0.9494949494949495, "support": 47.0}, "69": {"precision": 1.0, "recall": 1.0, "f1-score": 1.0, "support": 4.0}, "70": {"precision": 0.8421052631578947, "recall": 1.0, "f1-score": 0.9142857142857143, "support": 16.0}, "71": {"precision": 1.0, "recall": 0.9, "f1-score": 0.9473684210526315, "support": 10.0}, "72": {"precision": 0.5, "recall": 1.0, "f1-score": 0.6666666666666666, "support": 1.0}, "73": {"precision": 1.0, "recall": 0.75, "f1-score": 0.8571428571428571, "support": 8.0}, "74": {"precision": 0.8, "recall": 0.6666666666666666, "f1-score": 0.7272727272727273, "support": 12.0}, "75": {"precision": 0.6666666666666666, "recall": 1.0, "f1-score": 0.8, "support": 2.0}, "76": {"precision": 0.95, "recall": 0.9047619047619048, "f1-score": 0.926829268292683, "support": 21.0}, "accuracy": 0.9193689745836985, "macro avg": {"precision": 0.9170924276303607, "recall": 0.8985523896915767, "f1-score": 0.9011832082382423, "support": 1141.0}, "weighted avg": {"precision": 0.9220436555136976, "recall": 0.9193689745836985, "f1-score": 0.917989539035769, "support": 1141.0}}}